2300, K10, 14900 XPF, http://localhost/atom-wp/wp-content/uploads/2019/12/display-bis.png, Ecran, "<p>Si vous avez besoin de changer votre écran, vous êtes au bon endroit ! En cas d'écran cassé, d'écran rayé, d'écran qui reste noir alors que le téléphone réagit et est allumé ou à cause d'un simple problème tactile, il vaut mieux réparer son appareil plutôt que de le jeter .</p><h4>Les symptômes de votre K10</h4><ul><li>L'écran de votre appareil ne s'allume plus</li><li>L'écran de votre appareil est totalement blanc</li><li>Des tâches noires sont apparues sur l'écran de votre appareil</li><li>Des lignes multicolores couvrent une partie de l'écran de votre appareil</li><li>La vitre tactile de votre appareil ne répond plus</li><li>Certaines zones de votre écran appareil ne sont plus tactiles</li><li>Votre vitre tactile est rayée ou cassée ?</li></ul>" 
2301, K8 - 2017, 13900 XPF, http://localhost/atom-wp/wp-content/uploads/2019/12/display-bis.png, Ecran, "<p>Si vous avez besoin de changer votre écran, vous êtes au bon endroit ! En cas d'écran cassé, d'écran rayé, d'écran qui reste noir alors que le téléphone réagit et est allumé ou à cause d'un simple problème tactile, il vaut mieux réparer son appareil plutôt que de le jeter .</p><h4>Les symptômes de votre K8 - 2017</h4><ul><li>L'écran de votre appareil ne s'allume plus</li><li>L'écran de votre appareil est totalement blanc</li><li>Des tâches noires sont apparues sur l'écran de votre appareil</li><li>Des lignes multicolores couvrent une partie de l'écran de votre appareil</li><li>La vitre tactile de votre appareil ne répond plus</li><li>Certaines zones de votre écran appareil ne sont plus tactiles</li><li>Votre vitre tactile est rayée ou cassée ?</li></ul>" 
2302, G5, 4000 XPF, http://localhost/atom-wp/wp-content/uploads/2019/12/battery.png, Batterie, "<p>Vous rêvez de sortir sans devoir emmener votre chargeur par crainte que votre appareil ne tienne pas la journée ? Si l'autonomie est devenue si catastrophique, que la batterie de votre appareil ne charge plus du tout ou qu'elle est gonflée, alors vous avez raison de vouloir passer à l'action.</p><h4>Les symptômes de votre G5</h4><ul><li>La batterie de votre appareil ne tient pas la charge</li><li>Le chargement de la batterie de votre appareil est très lent</li><li>La batterie de votre appareil doit rester branchée</li><li>La batterie de votre appareil ne charge plus ou ne s'allume plus</li><li>La batterie de votre appareil est gonflée</li><li>Votre appareil s’éteint sans raison</li><li>Votre appareil a été exposé à une température extrême</li><li>La batterie est HS</li></ul>" 
2303, G5, 15900 XPF, http://localhost/atom-wp/wp-content/uploads/2019/12/display-bis.png, Ecran, "<p>Si vous avez besoin de changer votre écran, vous êtes au bon endroit ! En cas d'écran cassé, d'écran rayé, d'écran qui reste noir alors que le téléphone réagit et est allumé ou à cause d'un simple problème tactile, il vaut mieux réparer son appareil plutôt que de le jeter .</p><h4>Les symptômes de votre G5</h4><ul><li>L'écran de votre appareil ne s'allume plus</li><li>L'écran de votre appareil est totalement blanc</li><li>Des tâches noires sont apparues sur l'écran de votre appareil</li><li>Des lignes multicolores couvrent une partie de l'écran de votre appareil</li><li>La vitre tactile de votre appareil ne répond plus</li><li>Certaines zones de votre écran appareil ne sont plus tactiles</li><li>Votre vitre tactile est rayée ou cassée ?</li></ul>" 
2304, K7, 3500 XPF, http://localhost/atom-wp/wp-content/uploads/2019/12/battery.png, Batterie, "<p>Vous rêvez de sortir sans devoir emmener votre chargeur par crainte que votre appareil ne tienne pas la journée ? Si l'autonomie est devenue si catastrophique, que la batterie de votre appareil ne charge plus du tout ou qu'elle est gonflée, alors vous avez raison de vouloir passer à l'action.</p><h4>Les symptômes de votre K7</h4><ul><li>La batterie de votre appareil ne tient pas la charge</li><li>Le chargement de la batterie de votre appareil est très lent</li><li>La batterie de votre appareil doit rester branchée</li><li>La batterie de votre appareil ne charge plus ou ne s'allume plus</li><li>La batterie de votre appareil est gonflée</li><li>Votre appareil s’éteint sans raison</li><li>Votre appareil a été exposé à une température extrême</li><li>La batterie est HS</li></ul>" 
2305, G6, 24900 XPF, http://localhost/atom-wp/wp-content/uploads/2019/12/display-bis.png, Ecran, "<p>Si vous avez besoin de changer votre écran, vous êtes au bon endroit ! En cas d'écran cassé, d'écran rayé, d'écran qui reste noir alors que le téléphone réagit et est allumé ou à cause d'un simple problème tactile, il vaut mieux réparer son appareil plutôt que de le jeter .</p><h4>Les symptômes de votre G6</h4><ul><li>L'écran de votre appareil ne s'allume plus</li><li>L'écran de votre appareil est totalement blanc</li><li>Des tâches noires sont apparues sur l'écran de votre appareil</li><li>Des lignes multicolores couvrent une partie de l'écran de votre appareil</li><li>La vitre tactile de votre appareil ne répond plus</li><li>Certaines zones de votre écran appareil ne sont plus tactiles</li><li>Votre vitre tactile est rayée ou cassée ?</li></ul>" 
2306, K8, 11900 XPF, http://localhost/atom-wp/wp-content/uploads/2019/12/display.png, Ecran, "<p>Si vous avez besoin de changer votre écran, vous êtes au bon endroit ! En cas d'écran cassé, d'écran rayé, d'écran qui reste noir alors que le téléphone réagit et est allumé ou à cause d'un simple problème tactile, il vaut mieux réparer son appareil plutôt que de le jeter .</p><h4>Les symptômes de votre K8</h4><ul><li>L'écran de votre appareil ne s'allume plus</li><li>L'écran de votre appareil est totalement blanc</li><li>Des tâches noires sont apparues sur l'écran de votre appareil</li><li>Des lignes multicolores couvrent une partie de l'écran de votre appareil</li><li>La vitre tactile de votre appareil ne répond plus</li><li>Certaines zones de votre écran appareil ne sont plus tactiles</li><li>Votre vitre tactile est rayée ou cassée ?</li></ul>" 
2307, Nexus 5X, 11900 XPF, http://localhost/atom-wp/wp-content/uploads/2019/12/display-bis.png, Ecran, "<p>Si vous avez besoin de changer votre écran, vous êtes au bon endroit ! En cas d'écran cassé, d'écran rayé, d'écran qui reste noir alors que le téléphone réagit et est allumé ou à cause d'un simple problème tactile, il vaut mieux réparer son appareil plutôt que de le jeter .</p><h4>Les symptômes de votre Nexus 5X</h4><ul><li>L'écran de votre appareil ne s'allume plus</li><li>L'écran de votre appareil est totalement blanc</li><li>Des tâches noires sont apparues sur l'écran de votre appareil</li><li>Des lignes multicolores couvrent une partie de l'écran de votre appareil</li><li>La vitre tactile de votre appareil ne répond plus</li><li>Certaines zones de votre écran appareil ne sont plus tactiles</li><li>Votre vitre tactile est rayée ou cassée ?</li></ul>" 
2308, G4, 12900 XPF, http://localhost/atom-wp/wp-content/uploads/2019/12/display-bis.png, Ecran, "<p>Si vous avez besoin de changer votre écran, vous êtes au bon endroit ! En cas d'écran cassé, d'écran rayé, d'écran qui reste noir alors que le téléphone réagit et est allumé ou à cause d'un simple problème tactile, il vaut mieux réparer son appareil plutôt que de le jeter .</p><h4>Les symptômes de votre G4</h4><ul><li>L'écran de votre appareil ne s'allume plus</li><li>L'écran de votre appareil est totalement blanc</li><li>Des tâches noires sont apparues sur l'écran de votre appareil</li><li>Des lignes multicolores couvrent une partie de l'écran de votre appareil</li><li>La vitre tactile de votre appareil ne répond plus</li><li>Certaines zones de votre écran appareil ne sont plus tactiles</li><li>Votre vitre tactile est rayée ou cassée ?</li></ul>" 
2309, L FINO, 12000 XPF, http://localhost/atom-wp/wp-content/uploads/2019/12/display.png, Ecran, "<p>Si vous avez besoin de changer votre écran, vous êtes au bon endroit ! En cas d'écran cassé, d'écran rayé, d'écran qui reste noir alors que le téléphone réagit et est allumé ou à cause d'un simple problème tactile, il vaut mieux réparer son appareil plutôt que de le jeter .</p><h4>Les symptômes de votre L FINO</h4><ul><li>L'écran de votre appareil ne s'allume plus</li><li>L'écran de votre appareil est totalement blanc</li><li>Des tâches noires sont apparues sur l'écran de votre appareil</li><li>Des lignes multicolores couvrent une partie de l'écran de votre appareil</li><li>La vitre tactile de votre appareil ne répond plus</li><li>Certaines zones de votre écran appareil ne sont plus tactiles</li><li>Votre vitre tactile est rayée ou cassée ?</li></ul>" 
2310, G2, 12900 XPF, http://localhost/atom-wp/wp-content/uploads/2019/12/display.png, Ecran, "<p>Si vous avez besoin de changer votre écran, vous êtes au bon endroit ! En cas d'écran cassé, d'écran rayé, d'écran qui reste noir alors que le téléphone réagit et est allumé ou à cause d'un simple problème tactile, il vaut mieux réparer son appareil plutôt que de le jeter .</p><h4>Les symptômes de votre G2</h4><ul><li>L'écran de votre appareil ne s'allume plus</li><li>L'écran de votre appareil est totalement blanc</li><li>Des tâches noires sont apparues sur l'écran de votre appareil</li><li>Des lignes multicolores couvrent une partie de l'écran de votre appareil</li><li>La vitre tactile de votre appareil ne répond plus</li><li>Certaines zones de votre écran appareil ne sont plus tactiles</li><li>Votre vitre tactile est rayée ou cassée ?</li></ul>" 
2311, G2, 3900 XPF, http://localhost/atom-wp/wp-content/uploads/2019/12/battery.png, Batterie, "<p>Vous rêvez de sortir sans devoir emmener votre chargeur par crainte que votre appareil ne tienne pas la journée ? Si l'autonomie est devenue si catastrophique, que la batterie de votre appareil ne charge plus du tout ou qu'elle est gonflée, alors vous avez raison de vouloir passer à l'action.</p><h4>Les symptômes de votre G2</h4><ul><li>La batterie de votre appareil ne tient pas la charge</li><li>Le chargement de la batterie de votre appareil est très lent</li><li>La batterie de votre appareil doit rester branchée</li><li>La batterie de votre appareil ne charge plus ou ne s'allume plus</li><li>La batterie de votre appareil est gonflée</li><li>Votre appareil s’éteint sans raison</li><li>Votre appareil a été exposé à une température extrême</li><li>La batterie est HS</li></ul>" 
2312, K4, 11900 XPF, http://localhost/atom-wp/wp-content/uploads/2019/12/display.png, Ecran, "<p>Si vous avez besoin de changer votre écran, vous êtes au bon endroit ! En cas d'écran cassé, d'écran rayé, d'écran qui reste noir alors que le téléphone réagit et est allumé ou à cause d'un simple problème tactile, il vaut mieux réparer son appareil plutôt que de le jeter .</p><h4>Les symptômes de votre K4</h4><ul><li>L'écran de votre appareil ne s'allume plus</li><li>L'écran de votre appareil est totalement blanc</li><li>Des tâches noires sont apparues sur l'écran de votre appareil</li><li>Des lignes multicolores couvrent une partie de l'écran de votre appareil</li><li>La vitre tactile de votre appareil ne répond plus</li><li>Certaines zones de votre écran appareil ne sont plus tactiles</li><li>Votre vitre tactile est rayée ou cassée ?</li></ul>" 
2313, G3, 12900 XPF, http://localhost/atom-wp/wp-content/uploads/2019/12/display.png, Ecran, "<p>Si vous avez besoin de changer votre écran, vous êtes au bon endroit ! En cas d'écran cassé, d'écran rayé, d'écran qui reste noir alors que le téléphone réagit et est allumé ou à cause d'un simple problème tactile, il vaut mieux réparer son appareil plutôt que de le jeter .</p><h4>Les symptômes de votre G3</h4><ul><li>L'écran de votre appareil ne s'allume plus</li><li>L'écran de votre appareil est totalement blanc</li><li>Des tâches noires sont apparues sur l'écran de votre appareil</li><li>Des lignes multicolores couvrent une partie de l'écran de votre appareil</li><li>La vitre tactile de votre appareil ne répond plus</li><li>Certaines zones de votre écran appareil ne sont plus tactiles</li><li>Votre vitre tactile est rayée ou cassée ?</li></ul>" 
2314, G3, 3900 XPF, http://localhost/atom-wp/wp-content/uploads/2019/12/battery.png, Batterie, "<p>Vous rêvez de sortir sans devoir emmener votre chargeur par crainte que votre appareil ne tienne pas la journée ? Si l'autonomie est devenue si catastrophique, que la batterie de votre appareil ne charge plus du tout ou qu'elle est gonflée, alors vous avez raison de vouloir passer à l'action.</p><h4>Les symptômes de votre G3</h4><ul><li>La batterie de votre appareil ne tient pas la charge</li><li>Le chargement de la batterie de votre appareil est très lent</li><li>La batterie de votre appareil doit rester branchée</li><li>La batterie de votre appareil ne charge plus ou ne s'allume plus</li><li>La batterie de votre appareil est gonflée</li><li>Votre appareil s’éteint sans raison</li><li>Votre appareil a été exposé à une température extrême</li><li>La batterie est HS</li></ul>" 
2320, Nexus 6, 6900 XPF, http://localhost/atom-wp/wp-content/uploads/2019/12/battery.png, Batterie, "<p>Vous rêvez de sortir sans devoir emmener votre chargeur par crainte que votre appareil ne tienne pas la journée ? Si l'autonomie est devenue si catastrophique, que la batterie de votre appareil ne charge plus du tout ou qu'elle est gonflée, alors vous avez raison de vouloir passer à l'action.</p><h4>Les symptômes de votre Nexus 6</h4><ul><li>La batterie de votre appareil ne tient pas la charge</li><li>Le chargement de la batterie de votre appareil est très lent</li><li>La batterie de votre appareil doit rester branchée</li><li>La batterie de votre appareil ne charge plus ou ne s'allume plus</li><li>La batterie de votre appareil est gonflée</li><li>Votre appareil s’éteint sans raison</li><li>Votre appareil a été exposé à une température extrême</li><li>La batterie est HS</li></ul>" 
2321, Moto G1, 7900 XPF, http://localhost/atom-wp/wp-content/uploads/2019/12/battery.png, Batterie, "<p>Vous rêvez de sortir sans devoir emmener votre chargeur par crainte que votre appareil ne tienne pas la journée ? Si l'autonomie est devenue si catastrophique, que la batterie de votre appareil ne charge plus du tout ou qu'elle est gonflée, alors vous avez raison de vouloir passer à l'action.</p><h4>Les symptômes de votre Moto G1</h4><ul><li>La batterie de votre appareil ne tient pas la charge</li><li>Le chargement de la batterie de votre appareil est très lent</li><li>La batterie de votre appareil doit rester branchée</li><li>La batterie de votre appareil ne charge plus ou ne s'allume plus</li><li>La batterie de votre appareil est gonflée</li><li>Votre appareil s’éteint sans raison</li><li>Votre appareil a été exposé à une température extrême</li><li>La batterie est HS</li></ul>" 
2323, Lumia 535, 9900 XPF, http://localhost/atom-wp/wp-content/uploads/2019/12/display.png, Ecran, "<p>Si vous avez besoin de changer votre écran, vous êtes au bon endroit ! En cas d'écran cassé, d'écran rayé, d'écran qui reste noir alors que le téléphone réagit et est allumé ou à cause d'un simple problème tactile, il vaut mieux réparer son appareil plutôt que de le jeter .</p><h4>Les symptômes de votre Lumia 535</h4><ul><li>L'écran de votre appareil ne s'allume plus</li><li>L'écran de votre appareil est totalement blanc</li><li>Des tâches noires sont apparues sur l'écran de votre appareil</li><li>Des lignes multicolores couvrent une partie de l'écran de votre appareil</li><li>La vitre tactile de votre appareil ne répond plus</li><li>Certaines zones de votre écran appareil ne sont plus tactiles</li><li>Votre vitre tactile est rayée ou cassée ?</li></ul>" 
2324, Lumia 620, 6900 XPF, http://localhost/atom-wp/wp-content/uploads/2019/12/undefined, Connecteur de charge, "<p>Vous rencontrez des problèmes de charge sur votre Appareil et cela vous exaspère ' Si vous ne pouvez plus transférer vos données sur votre ordinateur car l'Appareil n'est pas reconnu ou qu'il ne prend plus la charge, posant des soucis d'autonomie alors il y a de fortes chances que cela provienne du connecteur de charge.</p><h4>Les symptômes de votre Lumia 620</h4><ul><li>Votre appareil ne se charge pas alors qu'il est branché</li><li>L'embout du chargeur ne tient pas dans votre appareil</li><li>Votre appareil n'est plus reconnu par votre ordinateur</li><li> La charge est très lente voir statique.</li></ul>" 
2325, Lumia 930, 6900 XPF, http://localhost/atom-wp/wp-content/uploads/2019/12/battery.png, Batterie, "<p>Vous rêvez de sortir sans devoir emmener votre chargeur par crainte que votre appareil ne tienne pas la journée ? Si l'autonomie est devenue si catastrophique, que la batterie de votre appareil ne charge plus du tout ou qu'elle est gonflée, alors vous avez raison de vouloir passer à l'action.</p><h4>Les symptômes de votre Lumia 930</h4><ul><li>La batterie de votre appareil ne tient pas la charge</li><li>Le chargement de la batterie de votre appareil est très lent</li><li>La batterie de votre appareil doit rester branchée</li><li>La batterie de votre appareil ne charge plus ou ne s'allume plus</li><li>La batterie de votre appareil est gonflée</li><li>Votre appareil s’éteint sans raison</li><li>Votre appareil a été exposé à une température extrême</li><li>La batterie est HS</li></ul>" 
2327, Lumia 530, 6900 XPF, http://localhost/atom-wp/wp-content/uploads/2019/12/digitizer-phone.png, Vitre, "<p>La vitre de votre appareil est un des éléments les plus fragiles. En faisant subir à votre appareil plusieurs chocs ou en l'exposant trop longtemps au soleil, vous pouvez entrainer des répercussions sur l'afficheur. Nous changeons la vitre tactile en la remplaçant par une neuve (de marque constructeur ou performance équivalente).</p><h4>Les symptômes de votre Lumia 530</h4><ul><li>Votre vitre tactile ne répond plus ou manque de réactivité</li><li>Certaines zones de votre écran ne sont plus tactiles</li><li>Votre vitre tactile est rayée ou fissurée.</li></ul>" 
2326, Lumia 930, 6900 XPF, http://localhost/atom-wp/wp-content/uploads/2019/12/undefined, Haut-parleur bas, "<p></p><h4>Les symptômes de votre Lumia 930</h4><ul><li>Vous n'avez plus de son lorsque le haut-parleur est activé</li><li>Vos vidéos n'ont plus de son</li><li>Votre appareil ne sonne plus alors que le volume est au maximum.</li></ul>" 
2323, Xperia S, 3500 XPF, http://localhost/atom-wp/wp-content/uploads/2019/12/battery.png, Batterie, "<p>Vous rêvez de sortir sans devoir emmener votre chargeur par crainte que votre appareil ne tienne pas la journée ? Si l'autonomie est devenue si catastrophique, que la batterie de votre appareil ne charge plus du tout ou qu'elle est gonflée, alors vous avez raison de vouloir passer à l'action.</p><h4>Les symptômes de votre Xperia S</h4><ul><li>La batterie de votre appareil ne tient pas la charge</li><li>Le chargement de la batterie de votre appareil est très lent</li><li>La batterie de votre appareil doit rester branchée</li><li>La batterie de votre appareil ne charge plus ou ne s'allume plus</li><li>La batterie de votre appareil est gonflée</li><li>Votre appareil s’éteint sans raison</li><li>Votre appareil a été exposé à une température extrême</li><li>La batterie est HS</li></ul>" 
2324, Xperia E, 9900 XPF, http://localhost/atom-wp/wp-content/uploads/2019/12/display.png, Ecran, "<p>Si vous avez besoin de changer votre écran, vous êtes au bon endroit ! En cas d'écran cassé, d'écran rayé, d'écran qui reste noir alors que le téléphone réagit et est allumé ou à cause d'un simple problème tactile, il vaut mieux réparer son appareil plutôt que de le jeter .</p><h4>Les symptômes de votre Xperia E</h4><ul><li>L'écran de votre appareil ne s'allume plus</li><li>L'écran de votre appareil est totalement blanc</li><li>Des tâches noires sont apparues sur l'écran de votre appareil</li><li>Des lignes multicolores couvrent une partie de l'écran de votre appareil</li><li>La vitre tactile de votre appareil ne répond plus</li><li>Certaines zones de votre écran appareil ne sont plus tactiles</li><li>Votre vitre tactile est rayée ou cassée ?</li></ul>" 
2325, Xperia Z Ultra, 14900 XPF, http://localhost/atom-wp/wp-content/uploads/2019/12/display-bis.png, Ecran, "<p>Si vous avez besoin de changer votre écran, vous êtes au bon endroit ! En cas d'écran cassé, d'écran rayé, d'écran qui reste noir alors que le téléphone réagit et est allumé ou à cause d'un simple problème tactile, il vaut mieux réparer son appareil plutôt que de le jeter .</p><h4>Les symptômes de votre Xperia Z Ultra</h4><ul><li>L'écran de votre appareil ne s'allume plus</li><li>L'écran de votre appareil est totalement blanc</li><li>Des tâches noires sont apparues sur l'écran de votre appareil</li><li>Des lignes multicolores couvrent une partie de l'écran de votre appareil</li><li>La vitre tactile de votre appareil ne répond plus</li><li>Certaines zones de votre écran appareil ne sont plus tactiles</li><li>Votre vitre tactile est rayée ou cassée ?</li></ul>" 
2326, Xperia XA, 6900 XPF, http://localhost/atom-wp/wp-content/uploads/2019/12/battery.png, Batterie, "<p>Vous rêvez de sortir sans devoir emmener votre chargeur par crainte que votre appareil ne tienne pas la journée ? Si l'autonomie est devenue si catastrophique, que la batterie de votre appareil ne charge plus du tout ou qu'elle est gonflée, alors vous avez raison de vouloir passer à l'action.</p><h4>Les symptômes de votre Xperia XA</h4><ul><li>La batterie de votre appareil ne tient pas la charge</li><li>Le chargement de la batterie de votre appareil est très lent</li><li>La batterie de votre appareil doit rester branchée</li><li>La batterie de votre appareil ne charge plus ou ne s'allume plus</li><li>La batterie de votre appareil est gonflée</li><li>Votre appareil s’éteint sans raison</li><li>Votre appareil a été exposé à une température extrême</li><li>La batterie est HS</li></ul>" 
2327, Xperia E5, 6900 XPF, http://localhost/atom-wp/wp-content/uploads/2019/12/battery.png, Batterie, "<p>Vous rêvez de sortir sans devoir emmener votre chargeur par crainte que votre appareil ne tienne pas la journée ? Si l'autonomie est devenue si catastrophique, que la batterie de votre appareil ne charge plus du tout ou qu'elle est gonflée, alors vous avez raison de vouloir passer à l'action.</p><h4>Les symptômes de votre Xperia E5</h4><ul><li>La batterie de votre appareil ne tient pas la charge</li><li>Le chargement de la batterie de votre appareil est très lent</li><li>La batterie de votre appareil doit rester branchée</li><li>La batterie de votre appareil ne charge plus ou ne s'allume plus</li><li>La batterie de votre appareil est gonflée</li><li>Votre appareil s’éteint sans raison</li><li>Votre appareil a été exposé à une température extrême</li><li>La batterie est HS</li></ul>" 
2328, Xperia E5, 13 900 XPF, http://localhost/atom-wp/wp-content/uploads/2019/12/display-bis.png, Ecran, "<p>Si vous avez besoin de changer votre écran, vous êtes au bon endroit ! En cas d'écran cassé, d'écran rayé, d'écran qui reste noir alors que le téléphone réagit et est allumé ou à cause d'un simple problème tactile, il vaut mieux réparer son appareil plutôt que de le jeter .</p><h4>Les symptômes de votre Xperia E5</h4><ul><li>L'écran de votre appareil ne s'allume plus</li><li>L'écran de votre appareil est totalement blanc</li><li>Des tâches noires sont apparues sur l'écran de votre appareil</li><li>Des lignes multicolores couvrent une partie de l'écran de votre appareil</li><li>La vitre tactile de votre appareil ne répond plus</li><li>Certaines zones de votre écran appareil ne sont plus tactiles</li><li>Votre vitre tactile est rayée ou cassée ?</li></ul>" 
2329, Xperia M5, 12900 XPF, http://localhost/atom-wp/wp-content/uploads/2019/12/display.png, Ecran, "<p>Si vous avez besoin de changer votre écran, vous êtes au bon endroit ! En cas d'écran cassé, d'écran rayé, d'écran qui reste noir alors que le téléphone réagit et est allumé ou à cause d'un simple problème tactile, il vaut mieux réparer son appareil plutôt que de le jeter .</p><h4>Les symptômes de votre Xperia M5</h4><ul><li>L'écran de votre appareil ne s'allume plus</li><li>L'écran de votre appareil est totalement blanc</li><li>Des tâches noires sont apparues sur l'écran de votre appareil</li><li>Des lignes multicolores couvrent une partie de l'écran de votre appareil</li><li>La vitre tactile de votre appareil ne répond plus</li><li>Certaines zones de votre écran appareil ne sont plus tactiles</li><li>Votre vitre tactile est rayée ou cassée ?</li></ul>" 
2330, Xperia Z, 7900 XPF, http://localhost/atom-wp/wp-content/uploads/2019/12/battery.png, Batterie, "<p>Vous rêvez de sortir sans devoir emmener votre chargeur par crainte que votre appareil ne tienne pas la journée ? Si l'autonomie est devenue si catastrophique, que la batterie de votre appareil ne charge plus du tout ou qu'elle est gonflée, alors vous avez raison de vouloir passer à l'action.</p><h4>Les symptômes de votre Xperia Z</h4><ul><li>La batterie de votre appareil ne tient pas la charge</li><li>Le chargement de la batterie de votre appareil est très lent</li><li>La batterie de votre appareil doit rester branchée</li><li>La batterie de votre appareil ne charge plus ou ne s'allume plus</li><li>La batterie de votre appareil est gonflée</li><li>Votre appareil s’éteint sans raison</li><li>Votre appareil a été exposé à une température extrême</li><li>La batterie est HS</li></ul>" 
2331, Xperia C5 Ultra, 16 900 XPF, http://localhost/atom-wp/wp-content/uploads/2019/12/display-bis.png, Ecran, "<p>Si vous avez besoin de changer votre écran, vous êtes au bon endroit ! En cas d'écran cassé, d'écran rayé, d'écran qui reste noir alors que le téléphone réagit et est allumé ou à cause d'un simple problème tactile, il vaut mieux réparer son appareil plutôt que de le jeter .</p><h4>Les symptômes de votre Xperia C5 Ultra</h4><ul><li>L'écran de votre appareil ne s'allume plus</li><li>L'écran de votre appareil est totalement blanc</li><li>Des tâches noires sont apparues sur l'écran de votre appareil</li><li>Des lignes multicolores couvrent une partie de l'écran de votre appareil</li><li>La vitre tactile de votre appareil ne répond plus</li><li>Certaines zones de votre écran appareil ne sont plus tactiles</li><li>Votre vitre tactile est rayée ou cassée ?</li></ul>" 
2333, Xperia Z3 Compact, 6900 XPF, http://localhost/atom-wp/wp-content/uploads/2019/12/battery.png, Batterie, "<p>Vous rêvez de sortir sans devoir emmener votre chargeur par crainte que votre appareil ne tienne pas la journée ? Si l'autonomie est devenue si catastrophique, que la batterie de votre appareil ne charge plus du tout ou qu'elle est gonflée, alors vous avez raison de vouloir passer à l'action.</p><h4>Les symptômes de votre Xperia Z3 Compact</h4><ul><li>La batterie de votre appareil ne tient pas la charge</li><li>Le chargement de la batterie de votre appareil est très lent</li><li>La batterie de votre appareil doit rester branchée</li><li>La batterie de votre appareil ne charge plus ou ne s'allume plus</li><li>La batterie de votre appareil est gonflée</li><li>Votre appareil s’éteint sans raison</li><li>Votre appareil a été exposé à une température extrême</li><li>La batterie est HS</li></ul>" 
2332, Xperia Z3 Compact, 14900 XPF, http://localhost/atom-wp/wp-content/uploads/2019/12/display-bis.png, Ecran, "<p>Si vous avez besoin de changer votre écran, vous êtes au bon endroit ! En cas d'écran cassé, d'écran rayé, d'écran qui reste noir alors que le téléphone réagit et est allumé ou à cause d'un simple problème tactile, il vaut mieux réparer son appareil plutôt que de le jeter .</p><h4>Les symptômes de votre Xperia Z3 Compact</h4><ul><li>L'écran de votre appareil ne s'allume plus</li><li>L'écran de votre appareil est totalement blanc</li><li>Des tâches noires sont apparues sur l'écran de votre appareil</li><li>Des lignes multicolores couvrent une partie de l'écran de votre appareil</li><li>La vitre tactile de votre appareil ne répond plus</li><li>Certaines zones de votre écran appareil ne sont plus tactiles</li><li>Votre vitre tactile est rayée ou cassée ?</li></ul>" 
2334, Xperia M2, 6900 XPF, http://localhost/atom-wp/wp-content/uploads/2019/12/undefined, Connecteur de charge, "<p>Vous rencontrez des problèmes de charge sur votre Appareil et cela vous exaspère ' Si vous ne pouvez plus transférer vos données sur votre ordinateur car l'Appareil n'est pas reconnu ou qu'il ne prend plus la charge, posant des soucis d'autonomie alors il y a de fortes chances que cela provienne du connecteur de charge.</p><h4>Les symptômes de votre Xperia M2</h4><ul><li>Votre appareil ne se charge pas alors qu'il est branché</li><li>L'embout du chargeur ne tient pas dans votre appareil</li><li>Votre appareil n'est plus reconnu par votre ordinateur</li><li> La charge est très lente voir statique.</li></ul>" 
2335, Xperia M2, 12900 XPF, http://localhost/atom-wp/wp-content/uploads/2019/12/display-bis.png, Ecran, "<p>Si vous avez besoin de changer votre écran, vous êtes au bon endroit ! En cas d'écran cassé, d'écran rayé, d'écran qui reste noir alors que le téléphone réagit et est allumé ou à cause d'un simple problème tactile, il vaut mieux réparer son appareil plutôt que de le jeter .</p><h4>Les symptômes de votre Xperia M2</h4><ul><li>L'écran de votre appareil ne s'allume plus</li><li>L'écran de votre appareil est totalement blanc</li><li>Des tâches noires sont apparues sur l'écran de votre appareil</li><li>Des lignes multicolores couvrent une partie de l'écran de votre appareil</li><li>La vitre tactile de votre appareil ne répond plus</li><li>Certaines zones de votre écran appareil ne sont plus tactiles</li><li>Votre vitre tactile est rayée ou cassée ?</li></ul>" 
2336, Xperia Z3, 14900 XPF, http://localhost/atom-wp/wp-content/uploads/2019/12/display-bis.png, Ecran, "<p>Si vous avez besoin de changer votre écran, vous êtes au bon endroit ! En cas d'écran cassé, d'écran rayé, d'écran qui reste noir alors que le téléphone réagit et est allumé ou à cause d'un simple problème tactile, il vaut mieux réparer son appareil plutôt que de le jeter .</p><h4>Les symptômes de votre Xperia Z3</h4><ul><li>L'écran de votre appareil ne s'allume plus</li><li>L'écran de votre appareil est totalement blanc</li><li>Des tâches noires sont apparues sur l'écran de votre appareil</li><li>Des lignes multicolores couvrent une partie de l'écran de votre appareil</li><li>La vitre tactile de votre appareil ne répond plus</li><li>Certaines zones de votre écran appareil ne sont plus tactiles</li><li>Votre vitre tactile est rayée ou cassée ?</li></ul>" 
2337, Xperia Z3, 6900 XPF, http://localhost/atom-wp/wp-content/uploads/2019/12/battery.png, Batterie, "<p>Vous rêvez de sortir sans devoir emmener votre chargeur par crainte que votre appareil ne tienne pas la journée ? Si l'autonomie est devenue si catastrophique, que la batterie de votre appareil ne charge plus du tout ou qu'elle est gonflée, alors vous avez raison de vouloir passer à l'action.</p><h4>Les symptômes de votre Xperia Z3</h4><ul><li>La batterie de votre appareil ne tient pas la charge</li><li>Le chargement de la batterie de votre appareil est très lent</li><li>La batterie de votre appareil doit rester branchée</li><li>La batterie de votre appareil ne charge plus ou ne s'allume plus</li><li>La batterie de votre appareil est gonflée</li><li>Votre appareil s’éteint sans raison</li><li>Votre appareil a été exposé à une température extrême</li><li>La batterie est HS</li></ul>" 
2339, Xperia Z4, 6900 XPF, http://localhost/atom-wp/wp-content/uploads/2019/12/battery.png, Batterie, "<p>Vous rêvez de sortir sans devoir emmener votre chargeur par crainte que votre appareil ne tienne pas la journée ? Si l'autonomie est devenue si catastrophique, que la batterie de votre appareil ne charge plus du tout ou qu'elle est gonflée, alors vous avez raison de vouloir passer à l'action.</p><h4>Les symptômes de votre Xperia Z4</h4><ul><li>La batterie de votre appareil ne tient pas la charge</li><li>Le chargement de la batterie de votre appareil est très lent</li><li>La batterie de votre appareil doit rester branchée</li><li>La batterie de votre appareil ne charge plus ou ne s'allume plus</li><li>La batterie de votre appareil est gonflée</li><li>Votre appareil s’éteint sans raison</li><li>Votre appareil a été exposé à une température extrême</li><li>La batterie est HS</li></ul>" 
2338, Xperia Z4, 16900 XPF, http://localhost/atom-wp/wp-content/uploads/2019/12/display.png, Ecran, "<p>Si vous avez besoin de changer votre écran, vous êtes au bon endroit ! En cas d'écran cassé, d'écran rayé, d'écran qui reste noir alors que le téléphone réagit et est allumé ou à cause d'un simple problème tactile, il vaut mieux réparer son appareil plutôt que de le jeter .</p><h4>Les symptômes de votre Xperia Z4</h4><ul><li>L'écran de votre appareil ne s'allume plus</li><li>L'écran de votre appareil est totalement blanc</li><li>Des tâches noires sont apparues sur l'écran de votre appareil</li><li>Des lignes multicolores couvrent une partie de l'écran de votre appareil</li><li>La vitre tactile de votre appareil ne répond plus</li><li>Certaines zones de votre écran appareil ne sont plus tactiles</li><li>Votre vitre tactile est rayée ou cassée ?</li></ul>" 
2340, Xperia Z5, 14900 XPF, http://localhost/atom-wp/wp-content/uploads/2019/12/display.png, Ecran, "<p>Si vous avez besoin de changer votre écran, vous êtes au bon endroit ! En cas d'écran cassé, d'écran rayé, d'écran qui reste noir alors que le téléphone réagit et est allumé ou à cause d'un simple problème tactile, il vaut mieux réparer son appareil plutôt que de le jeter .</p><h4>Les symptômes de votre Xperia Z5</h4><ul><li>L'écran de votre appareil ne s'allume plus</li><li>L'écran de votre appareil est totalement blanc</li><li>Des tâches noires sont apparues sur l'écran de votre appareil</li><li>Des lignes multicolores couvrent une partie de l'écran de votre appareil</li><li>La vitre tactile de votre appareil ne répond plus</li><li>Certaines zones de votre écran appareil ne sont plus tactiles</li><li>Votre vitre tactile est rayée ou cassée ?</li></ul>" 
2341, Xperia Z5, 6900 XPF, http://localhost/atom-wp/wp-content/uploads/2019/12/battery.png, Batterie, "<p>Vous rêvez de sortir sans devoir emmener votre chargeur par crainte que votre appareil ne tienne pas la journée ? Si l'autonomie est devenue si catastrophique, que la batterie de votre appareil ne charge plus du tout ou qu'elle est gonflée, alors vous avez raison de vouloir passer à l'action.</p><h4>Les symptômes de votre Xperia Z5</h4><ul><li>La batterie de votre appareil ne tient pas la charge</li><li>Le chargement de la batterie de votre appareil est très lent</li><li>La batterie de votre appareil doit rester branchée</li><li>La batterie de votre appareil ne charge plus ou ne s'allume plus</li><li>La batterie de votre appareil est gonflée</li><li>Votre appareil s’éteint sans raison</li><li>Votre appareil a été exposé à une température extrême</li><li>La batterie est HS</li></ul>" 
2343, Xperia Z1, 6900 XPF, http://localhost/atom-wp/wp-content/uploads/2019/12/battery.png, Batterie, "<p>Vous rêvez de sortir sans devoir emmener votre chargeur par crainte que votre appareil ne tienne pas la journée ? Si l'autonomie est devenue si catastrophique, que la batterie de votre appareil ne charge plus du tout ou qu'elle est gonflée, alors vous avez raison de vouloir passer à l'action.</p><h4>Les symptômes de votre Xperia Z1</h4><ul><li>La batterie de votre appareil ne tient pas la charge</li><li>Le chargement de la batterie de votre appareil est très lent</li><li>La batterie de votre appareil doit rester branchée</li><li>La batterie de votre appareil ne charge plus ou ne s'allume plus</li><li>La batterie de votre appareil est gonflée</li><li>Votre appareil s’éteint sans raison</li><li>Votre appareil a été exposé à une température extrême</li><li>La batterie est HS</li></ul>" 
2342, Xperia Z1, 12900 XPF, http://localhost/atom-wp/wp-content/uploads/2019/12/display-bis.png, Ecran, "<p>Si vous avez besoin de changer votre écran, vous êtes au bon endroit ! En cas d'écran cassé, d'écran rayé, d'écran qui reste noir alors que le téléphone réagit et est allumé ou à cause d'un simple problème tactile, il vaut mieux réparer son appareil plutôt que de le jeter .</p><h4>Les symptômes de votre Xperia Z1</h4><ul><li>L'écran de votre appareil ne s'allume plus</li><li>L'écran de votre appareil est totalement blanc</li><li>Des tâches noires sont apparues sur l'écran de votre appareil</li><li>Des lignes multicolores couvrent une partie de l'écran de votre appareil</li><li>La vitre tactile de votre appareil ne répond plus</li><li>Certaines zones de votre écran appareil ne sont plus tactiles</li><li>Votre vitre tactile est rayée ou cassée ?</li></ul>" 
2346, Xperia Z2, 6900 XPF, http://localhost/atom-wp/wp-content/uploads/2019/12/charging.png, Connecteur de charge, "<p>Vous rencontrez des problèmes de charge sur votre Appareil et cela vous exaspère ' Si vous ne pouvez plus transférer vos données sur votre ordinateur car l'Appareil n'est pas reconnu ou qu'il ne prend plus la charge, posant des soucis d'autonomie alors il y a de fortes chances que cela provienne du connecteur de charge.</p><h4>Les symptômes de votre Xperia Z2</h4><ul><li>Votre appareil ne se charge pas alors qu'il est branché</li><li>L'embout du chargeur ne tient pas dans votre appareil</li><li>Votre appareil n'est plus reconnu par votre ordinateur</li><li> La charge est très lente voir statique.</li></ul>" 
2345, Xperia Z2, 6900 XPF, http://localhost/atom-wp/wp-content/uploads/2019/12/battery.png, Batterie, "<p>Vous rêvez de sortir sans devoir emmener votre chargeur par crainte que votre appareil ne tienne pas la journée ? Si l'autonomie est devenue si catastrophique, que la batterie de votre appareil ne charge plus du tout ou qu'elle est gonflée, alors vous avez raison de vouloir passer à l'action.</p><h4>Les symptômes de votre Xperia Z2</h4><ul><li>La batterie de votre appareil ne tient pas la charge</li><li>Le chargement de la batterie de votre appareil est très lent</li><li>La batterie de votre appareil doit rester branchée</li><li>La batterie de votre appareil ne charge plus ou ne s'allume plus</li><li>La batterie de votre appareil est gonflée</li><li>Votre appareil s’éteint sans raison</li><li>Votre appareil a été exposé à une température extrême</li><li>La batterie est HS</li></ul>" 
2344, Xperia Z2, 13 900 XPF, http://localhost/atom-wp/wp-content/uploads/2019/12/display.png, Ecran, "<p>Si vous avez besoin de changer votre écran, vous êtes au bon endroit ! En cas d'écran cassé, d'écran rayé, d'écran qui reste noir alors que le téléphone réagit et est allumé ou à cause d'un simple problème tactile, il vaut mieux réparer son appareil plutôt que de le jeter .</p><h4>Les symptômes de votre Xperia Z2</h4><ul><li>L'écran de votre appareil ne s'allume plus</li><li>L'écran de votre appareil est totalement blanc</li><li>Des tâches noires sont apparues sur l'écran de votre appareil</li><li>Des lignes multicolores couvrent une partie de l'écran de votre appareil</li><li>La vitre tactile de votre appareil ne répond plus</li><li>Certaines zones de votre écran appareil ne sont plus tactiles</li><li>Votre vitre tactile est rayée ou cassée ?</li></ul>" 
2348, Xperia Z2, 6900 XPF, http://localhost/atom-wp/wp-content/uploads/2019/12/undefined, Connecteur de charge, "<p>Vous rencontrez des problèmes de charge sur votre Appareil et cela vous exaspère ' Si vous ne pouvez plus transférer vos données sur votre ordinateur car l'Appareil n'est pas reconnu ou qu'il ne prend plus la charge, posant des soucis d'autonomie alors il y a de fortes chances que cela provienne du connecteur de charge.</p><h4>Les symptômes de votre Xperia Z2</h4><ul><li>Votre appareil ne se charge pas alors qu'il est branché</li><li>L'embout du chargeur ne tient pas dans votre appareil</li><li>Votre appareil n'est plus reconnu par votre ordinateur</li><li> La charge est très lente voir statique.</li></ul>" 
2347, Xperia Z2, 6900 XPF, http://localhost/atom-wp/wp-content/uploads/2019/12/undefined, Connecteur de charge, "<p>Vous rencontrez des problèmes de charge sur votre Appareil et cela vous exaspère ' Si vous ne pouvez plus transférer vos données sur votre ordinateur car l'Appareil n'est pas reconnu ou qu'il ne prend plus la charge, posant des soucis d'autonomie alors il y a de fortes chances que cela provienne du connecteur de charge.</p><h4>Les symptômes de votre Xperia Z2</h4><ul><li>Votre appareil ne se charge pas alors qu'il est branché</li><li>L'embout du chargeur ne tient pas dans votre appareil</li><li>Votre appareil n'est plus reconnu par votre ordinateur</li><li> La charge est très lente voir statique.</li></ul>" 
2349, Smart Prime 6, 12900 XPF, http://localhost/atom-wp/wp-content/uploads/2019/12/display.png, Ecran, "<p>Si vous avez besoin de changer votre écran, vous êtes au bon endroit ! En cas d'écran cassé, d'écran rayé, d'écran qui reste noir alors que le téléphone réagit et est allumé ou à cause d'un simple problème tactile, il vaut mieux réparer son appareil plutôt que de le jeter .</p><h4>Les symptômes de votre Smart Prime 6</h4><ul><li>L'écran de votre appareil ne s'allume plus</li><li>L'écran de votre appareil est totalement blanc</li><li>Des tâches noires sont apparues sur l'écran de votre appareil</li><li>Des lignes multicolores couvrent une partie de l'écran de votre appareil</li><li>La vitre tactile de votre appareil ne répond plus</li><li>Certaines zones de votre écran appareil ne sont plus tactiles</li><li>Votre vitre tactile est rayée ou cassée ?</li></ul>" 
